,1,2,3,4,5,6,7,8,9,10,11,12
V1,11.08496232,15.692392,14.74360152,3.130617097,37.65198688,11.37137408,5.437803216,18.80642852,15.53630251,5.572198772,21.40764232,6.013797536
V2,100.7361512,4.95432552,44.55979265,7.19879809,246.4310704,8.301289084,6.907632888,1.058466859,3.221843304,81.98115397,4.173448598,430.4233759
V3,538.8724782,26.8666288,33.15284514,7.092584778,62.68365517,12.57950831,79.86928226,14.85531036,2.394979437,95.02133872,17.34574752,19.99417997
V4,444.8296454,89.33019026,20.58724605,7.324333276,27.96809165,12.11011436,7.200952581,5.785065951,20.88070167,20.09686915,9.867569074,8.354546497
V5,536.7145423,56.00297072,1.830104163,1.521215929,173.9031745,11.31250533,22.47119511,95.65304335,3.079392938,8.275798952,17.50163421,3.438390372
V6,66.57409951,1.48705164,20.37766867,43.7357502,12.5621594,37.56227568,9.204733895,65.32801523,39.26685602,2.257104307,54.38823435,403.8827802
V7,18.08550336,28.04939927,18.73614441,12.81353568,24.80394017,14.55510219,10.36643565,40.4443658,16.63572002,2.951668548,1.791446229,2.483996329
V8,12.75718297,1.12126252,18.52025846,1.230114114,9.771690898,19.78831901,10.77341822,15.07025273,6.293161292,19.53454802,29.03897513,4.491399749
V9,4.803947964,4.471445134,27.29951944,2.264457906,2.827393865,25.26832304,5.800748748,8.245722711,24.29138586,6.448160268,9.770120465,8.46573043
V10,18.32473107,12.50644304,27.15721637,29.7660339,36.3269,18.37913386,63.94058885,68.76611186,61.56447832,6.389136005,66.72078444,41.21332159
V11,11.79673488,10.59655301,14.22949535,13.97555297,7.174529428,10.9330864,3.79983723,5.464034556,2.671250779,1.887692683,1.995953475,7.259386848
V12,14.89532026,38.81159413,19.97297446,55.58962904,5.058292314,17.67449197,26.37220012,11.83587612,18.45016783,5.326031958,15.47178239,3.20569612
V13,51.67886026,9.591239574,18.39439754,8.054181388,4.357952008,22.77187154,15.84789403,14.45091433,25.16347895,6.711595729,9.093863761,4.355543562
V14,1.375177942,701.2048766,5.157632879,267.4894197,3.050915298,9.775339066,3.331686748,6.982128486,38.31746424,5.73990458,19.90071767,3.974204608
V15,13.85919598,293.5428016,20.88765024,272.3732504,47.50409357,15.95180169,66.94704357,105.945063,4.848793939,18.40434236,11.84297012,17.80859217
V16,4.27712004,27.13250005,14.57639801,25.60365997,17.81455196,12.11592171,26.63790413,13.43861104,3.477658349,2.393491792,17.0324395,3.750937678
V17,5.785983511,13.76402257,14.85061404,24.10168952,6.250452037,12.09312343,6.972012603,1.086649798,16.51275628,17.87088955,25.29908243,4.672391613
V18,59.31496094,3.979108818,19.91506197,10.30978076,18.0963023,54.03411698,12.47771122,74.83623299,38.14363083,43.07283206,14.0557516,15.56368354
V19,107.1175861,73.85400788,45.8750378,71.66196707,5.745839135,19.70960249,59.82379463,21.96874305,106.8223894,21.44944244,21.56187774,7.682564182
V20,5.736073658,1.223594721,21.95656393,30.65831678,10.46968188,19.12203058,51.82887415,3.097427291,3.341099536,6.27433124,30.08490904,3.767086889
V21,4.82384284,1.94310691,12.95594998,1.130843456,4.053610947,8.894847702,12.11344578,42.15370574,9.764194418,13.52264573,7.490426394,2.711467736
V22,16.48753545,6.04384487,33.82516614,3.528954394,14.32236808,30.85354888,32.16534012,13.95548621,5.556817041,19.41795438,1.979391604,12.22971859
V23,14.79012625,9.589650895,24.72460425,107.7710193,9.831981311,23.53216182,19.70871548,16.76683161,1.170858876,24.67625475,48.47449587,5.80658978
V24,19.466534,5.261520835,25.12497607,9.436072081,11.57107303,18.39756529,14.08798034,12.87673803,12.25184388,5.596408463,3.585578164,9.861923502
V25,2.886766976,2.632691677,22.63097211,6.841414281,29.10296074,26.69599776,59.49447278,32.54846471,12.26291863,12.49635702,12.47201698,6.368341499
V26,10.93116694,1.531386079,12.25681494,5.546622491,4.36627339,21.94544075,4.636583104,12.04670285,5.298683148,3.66994375,3.673401818,1.925362372
V27,10.66513986,16.88719781,25.38448794,1.543088343,9.261405167,16.62473065,8.008627235,8.999543958,3.019115494,5.399878017,2.242852715,6.843151296
V28,5.024234208,1.597345517,73.12897677,10.16727461,52.40218645,3.794644224,10.6529649,5.930782989,4.46793795,2169.521884,2.489964225,413.548924
V29,4.395000893,2.8004397,31.57459406,9.990911657,6.376605993,14.3814995,5.247320584,20.59757626,8.198359664,27.92637193,41.12956273,15.88923853
V30,297.5852596,3.563894664,36.82833328,15.05106231,7.386309612,29.76649536,66.64151082,6.922641997,71.72119369,25.56327081,10.07717428,5.473636232
V31,1.074075871,63.80039391,45.46976892,121.4728798,30.38697835,31.27372536,12.29911721,68.06285167,17.53372122,16.86382187,7.737265058,47.29476388
V32,5.639998107,51.68119035,47.72607475,57.07644105,22.75952751,44.23434749,17.13848888,43.71475224,63.46041287,9.735550797,6.882859499,12.81413911
V33,2.094457325,0.569044671,15.17116458,0.662482206,9.521487646,5.58139762,12.1113468,1.355187779,7.516549707,14.77098887,4.367934299,3.118028816
V34,4.446320089,885.7897245,15.41458747,208.040937,6.976678819,18.33714679,8.926042018,43.20889893,115.9831591,24.61370532,4.206242898,7.860797711
V35,6.75426514,7.046236916,19.31908025,2.114825567,24.19520932,17.16235736,36.11790162,8.376274634,4.941474357,2.20285209,32.97564013,4.357151614
V36,2.479852178,0.820080831,15.73952608,2.626911346,6.377911565,21.38577482,22.41919468,25.98457409,1.381915504,8.820339883,5.149819991,3.151484811
V37,10.02651726,4.876927732,22.71305051,6.587036904,2.694703668,29.50981286,18.30873939,36.84911766,13.38577971,26.43223387,43.12329741,5.769333361
V38,139.7852156,1072.113665,1.680931743,364.5815528,7.328491024,11.69609853,30.46193793,68.38953413,160.7288655,52.19718224,1.859463776,12.69317804
V39,1.082515816,2.458671664,21.10279895,15.57929073,15.21381215,20.82283743,11.99855228,14.87873066,19.45620702,23.06302464,45.48090213,6.990643258
V40,13.78709179,0.999778498,22.86264727,6.191747676,3.789234372,6.383252697,27.17564115,5.962993694,6.838296297,10.90993818,20.58833793,11.13169602
V41,8.69387138,4.431435974,28.0326688,1.09794736,10.67253912,10.18310695,35.89316825,12.21854867,18.5332406,4.493382989,17.61033587,32.97478776
V42,2.897912728,13.07658775,12.67889913,6.652796269,12.31808682,13.83353442,6.211764214,9.140318317,5.116557412,8.837242583,22.53028566,9.948085857
V43,19.08934999,3.544639303,19.18991137,2.565240432,3.663596566,12.1221346,1.863243738,2.916200806,1.751969247,7.365027131,18.7806002,11.23400074
V44,12.46904302,14.77222932,25.60344497,43.95001884,16.79798739,20.81313311,13.81034771,7.067961042,17.64672612,5.20054283,30.24175,4.878250623
V45,59.15467068,15.70365254,31.80232285,11.54463713,7.972893858,35.94894044,6.58479691,40.63044027,49.13593943,2.421245933,54.23349129,4.750829848
V46,10.45929837,1.25483697,20.10977101,0.57254644,2.488654168,8.208035673,11.49932863,3.459045665,3.587833462,5.237870833,17.32270244,10.83055146
V47,3.442740263,1.596266864,16.19055065,1.673390846,4.88783581,1.968048136,13.29050725,1.774470982,3.18858846,14.60378291,12.97978488,4.843981347
V48,9.581521255,10.9374166,16.91656645,0.930476853,29.04081373,43.48123226,37.03410761,140.7970345,12.43491863,32.4586926,1.487351967,8.890209798
V49,14.11760294,3.134506017,12.7603798,3.202509698,9.364180796,41.68395145,1.573692531,13.90821913,2.815920716,5.210384714,6.358345216,5.79621329
V50,49.97986751,3.247547936,22.74712174,6.171895918,2.95340108,27.56982762,8.968808937,41.01423381,9.796673396,28.74008374,28.05130397,242.4050565
V51,13.17331837,6.583627117,22.68543444,4.719483119,9.965778115,17.77335615,29.32789031,18.54931955,2.850169698,4.461929696,7.154731382,5.538282873
V52,70.77111919,31.37737631,18.36693512,14.54187458,3.676581908,36.67863661,4.997972594,74.88852497,19.05187214,26.84622926,27.37381236,25.82688087
V53,46.83246159,3.738970317,15.08957309,2.480953449,12.43816257,17.74629713,3.817134431,8.805067806,4.977399381,10.10979295,8.692293132,5.849555907
V54,6.789492689,7.96040855,25.2240448,17.97514962,10.71525689,35.54103824,8.808514927,37.0962244,19.07440579,24.57730304,23.12988097,5.931328703
V55,6.339691758,2.983277547,30.02828539,9.23164975,7.312880668,15.49495116,58.71394541,4.259208991,13.24727058,4.918714301,13.19625277,5.095882722
V56,3.942202952,6.77389732,22.68679369,6.896716688,26.31480141,25.21423008,10.89347201,24.90900566,15.25340662,1.970519041,12.17609562,4.343244934
V57,16.53919592,200.9851022,10.73060291,51.01507803,18.02236506,15.02168778,8.574913021,27.87943983,2.472152007,6.275571682,19.10086551,5.981206628
V58,229.5652004,945.0195599,55.70528487,242.5725567,131.6553145,56.86979566,123.6740759,56.66933909,2.572782902,4.866598567,18.52945923,35.18533367
V59,13.91070413,2.387537626,23.0627021,4.506731711,2.883230769,13.27640947,29.00648495,16.26194546,5.712456688,24.24510543,9.816550801,5.56714032
V60,11.03605002,14.99507582,8.45229402,3.793227683,12.93115952,13.50604262,5.573723211,46.89475547,4.148124511,5.428518382,1.988782945,14.82736717
V61,206.6741965,85.10242767,26.13672726,23.02795613,17.66078669,7.085831919,17.21708368,19.27821901,106.7949097,5.759702684,17.1636486,5.111816327
V62,56.4477775,1.243006558,27.4282695,6.807003709,3.511231238,14.57610281,2.723213889,9.239552016,34.85422183,6.106123059,19.2369739,13.94226277
V63,6.805516881,0.853633897,19.78542943,0.717373664,10.09954437,12.34949106,31.78536057,10.40348841,8.374405692,3.452062423,7.358726255,14.69473706
V64,39.87471682,15.05389189,17.1535705,13.67561418,8.358647252,9.7098848,25.30798489,41.76697985,22.88730603,7.407931312,5.296961845,6.06644732
V65,528.0329399,18.27674237,2.757953043,16.4214586,85.74185164,33.85746116,16.11441793,21.7248315,93.06854972,59.94693311,47.93355038,30.62794635
V66,208.563822,215.4896601,1.35154747,0.786478272,177.8092866,13.42060636,2.636009993,3.516800121,305.8688431,89.95715474,1.06856643,3.10150014
V67,465.7740527,78.65424075,33.65952308,55.4138165,146.0233916,19.69204744,2.425670944,5.250589587,568.753416,21.90698667,66.73831993,93.65264683
V68,87.31974869,7.204870341,21.1727484,3.842115028,72.44972707,81.60210563,13.01309197,126.8777777,9.170432263,101.4830315,44.31381288,5.442529107
V69,78.59303245,1.948656748,31.23774832,16.28855958,91.11800491,27.58378769,53.17272569,31.17323054,2.952531971,42.43545046,126.032015,393.5987951
V70,69.55722113,7.462629962,5.248615102,3.290351943,53.12738199,9.147620068,5.801060142,9.266429581,24.01064549,6.729889073,17.34186516,7.506072001
V71,8.654194271,1.257598522,15.30944945,16.89844379,7.846027512,15.72539626,2.170310421,6.668644835,3.455060652,5.551396315,6.393965041,3.685563359
V72,57.12077743,29.33311888,1.932856669,2.286057567,10.42102138,3.185759306,2.621299384,1.340232531,68.94506885,5.091748006,1.501619186,5.59444248
V73,10.75171253,1.840405831,10.93347922,6.917334236,16.90877705,47.24759625,13.01084262,120.1794656,3.964569256,75.64185366,4.611232748,7.290652793
V74,6.978642144,6.875649049,24.63839429,16.04006829,25.54908234,2.672077357,27.1602897,18.70084862,4.298116203,17.51686378,28.04551945,27.74955737
V75,3.868575674,6.589722052,16.20472885,10.14959831,3.756405805,9.351707447,19.27057975,12.54836664,4.158201345,10.31363888,11.9306708,15.20913829
V76,3.677480841,6.096043717,24.11501908,4.415329731,20.92783246,2.700282906,9.507704578,1.416753819,7.412974604,3.386200341,14.14148087,14.09694113
V77,1.632871825,16.83163308,17.33085938,4.033122481,14.9077863,4.19866208,4.38868871,2.844448989,5.090007321,7.379446767,19.84504734,7.266305953
V78,4.00819732,0.631973708,10.47379979,0.779405854,2.465092678,3.58523054,7.766477936,4.625836898,1.43111388,2.412565994,4.365046758,4.141898735
V79,4.809030248,3.172210464,14.69440678,5.669988367,7.312385884,17.83000022,4.488531103,8.774321631,11.04426387,4.868530958,10.618943,7.549046799
V80,11.05123068,79.32728916,34.52785805,27.93659139,2.917298725,7.067530928,10.33447218,16.70965068,44.20285853,9.022037658,20.65836387,4.899475417
V81,5.689629178,3.108359916,13.71101979,2.357217745,9.276791188,8.236563975,15.35230767,9.966975164,8.820467827,5.717920596,21.22725316,10.87715931
V82,10.80559751,0.970892623,15.80315585,0.890100408,18.05933682,8.883292977,30.86674602,4.085321959,6.839502077,3.64972789,4.808849546,7.38517684
V83,24.32044697,262.2703724,16.93839963,4.191962716,64.07147035,19.58696658,6.602093469,3.878051994,7.724838081,10.7168433,28.14228144,10.43965292
V84,38.49235239,83.37256979,37.41428427,44.21135577,46.4055012,17.13089292,39.91280521,7.637659908,27.15974267,10.91687781,3.916532872,23.98353055
V85,9.628227153,13.18183215,20.54084888,6.030470491,23.58785336,15.19148854,5.447577887,27.13653731,15.81769618,4.336670031,19.68283892,17.16899008
V86,82.05076688,76.12455325,11.83391536,83.98991707,2.487157018,24.12645671,37.08956983,125.7066765,6.314614158,13.80832273,40.52609359,6.799625809
V87,7.19916354,29.12433161,11.04422954,9.663289537,14.1891326,16.20478215,10.52333519,26.75894026,24.6301842,31.31930834,1.641141498,9.683072748
V88,8.568917851,3.563637834,14.20690762,11.25849459,20.20734186,24.73347824,7.668798745,9.503635864,52.19502812,7.527784263,7.923007937,5.155464158
V89,12.13563789,14.13490585,10.72657625,28.25265648,5.635570613,26.98300749,3.87116838,29.69494147,6.705592782,12.31129362,18.58242818,9.407507205
V90,690.9434235,130.9426939,12.18335193,20.3962901,196.4629297,45.56529441,10.64525938,13.9738781,257.4543832,10.60380967,86.41585878,301.7205474
V91,75.5609927,102.4130162,3.561626445,23.58502908,231.3603273,4.520900228,355.0679915,5.504810221,3.448624045,15.01917454,1193.195349,12.15786142
V92,96.99039646,60.76625343,36.4497986,4.670347538,102.3247956,32.36114438,16.85217197,98.30452932,87.17125135,22.53327403,49.45609615,19.81577877
V93,228.6253619,457.3564828,11.46202502,15.33966269,67.23502823,11.99841833,44.87592768,2.229790553,114.7108747,3.919327747,18.54040584,22.979956
V94,6.474413339,2.303517355,43.66694629,20.09609457,27.02270307,34.12597896,16.9466925,51.28197263,12.52734638,68.9198007,5.496631211,9.256894531
V95,2.682978599,2.12748908,13.56868792,1.54012341,11.38813491,16.24602849,9.175205132,10.8420278,3.250438511,2.777537812,1.540481134,8.751077087
V96,20.09853961,0.723122932,13.06971525,23.90081955,4.369485871,15.79804719,2.647901833,7.5272755,4.900009277,13.95657042,24.18202893,7.843951959
V97,35.82686512,106.2487905,16.85716122,134.6353625,8.069681088,26.40412563,3.106737218,21.29840457,10.24643935,19.45065128,12.60129284,29.79678333
V98,10.07883356,2.02788143,16.80676352,1.582805329,3.996510323,19.81525389,12.86638737,8.062444288,6.654383958,13.58085878,10.77196175,9.448189354
V99,126.3997701,7.496957207,5.477904774,2.461160938,104.2598447,7.206315723,3.042084841,26.78300095,10.44222346,37.62641264,19.4807894,13.94350705
V100,8.15099918,3.309337944,16.82389557,1.314073633,23.05255173,10.35106036,7.963984184,10.47360916,4.133066193,31.8639983,19.12088253,17.19720939
V101,2.610744277,5.587342397,21.61807674,2.104557529,3.582738745,15.21205414,29.98560223,8.463189079,1.709675136,2.074838307,14.65335795,5.642582764
V102,40.25884952,241.1881646,23.11462842,50.86623602,32.97619239,39.37203427,13.01566132,15.44853982,66.00893451,5.103087234,18.00552262,34.64442956
V103,2.930920544,2.310689114,11.89478609,4.504759374,8.200173093,7.280096473,4.836049861,1.994060676,3.759620306,3.578973121,1.325500018,4.62229318
V104,19.13950297,2.183282848,15.66663494,2.231037691,9.350184692,15.33171172,8.183286205,2.902276867,7.588360285,17.10769078,11.61048022,9.406846949
V105,13.11318156,0.873634263,8.572354986,5.135570499,12.69923255,16.83054477,20.74656706,26.663694,5.924345519,4.735803523,14.72129738,2.344274712
V106,61.020282,14.77112479,19.46816586,8.693099973,16.50337948,40.75056355,7.818346302,36.83101088,21.06489287,6.457244604,6.861562855,21.52690489
V107,168.6729306,2161.597319,21.81586054,129.1257602,131.1505183,26.19622809,5.876201172,194.7966509,601.7302266,4.799256981,57.15718656,43.71405788
V108,11.32107542,1.931206669,32.31047348,9.848137356,4.282982255,17.26507469,4.56612717,1.459309142,3.67029789,6.178989201,21.58553808,38.76720597
V109,2.751811732,1.563481626,11.17900705,0.415242438,3.462594204,7.657753387,8.655398728,8.665052057,6.803692573,14.38587561,4.723460493,4.300717321
V110,4.49710453,13.42044174,30.66215737,3.402735944,25.1747534,14.77775488,6.020268334,12.88611294,9.780425591,41.02088299,56.9467932,36.6076607
V111,39.01933938,12.74553845,25.49647712,4.983481533,79.89622449,30.10750888,27.3179285,75.44772258,90.41197955,5.724675059,65.35608158,41.47878648
V112,2.334513123,38.52303301,18.75388932,15.34918509,30.90909568,18.52294225,27.63283949,37.6011803,3.950315317,10.40889194,2.744491256,21.68577452
V113,63.82841645,5727.62911,0.622737286,2476.1803,4.890543226,7.270067986,47.18004114,269.7789451,441.8284355,4.696657181,10.20972203,6.018976447
V114,16.5873427,4.904934813,9.254492281,0.497857704,3.681629084,7.897397481,2.765969069,6.861166302,7.089562227,4.647682041,8.305907916,6.565744572
V115,13.30623109,3.53796635,35.96741007,14.55224729,37.6428509,35.3001505,72.2646122,126.012696,59.04705184,5.359538982,3.621690031,6.83628764
V116,7.248002574,25.25259235,24.02134142,17.86290335,8.844535304,19.77173231,58.16038126,24.17066962,46.2003578,26.5358297,2.171475934,27.73235051
V117,18.36207796,141.6446212,18.29290615,38.49912927,11.02877718,25.24100038,7.24800124,1.662902618,2.729429885,47.04506129,14.9667051,35.19434056
V118,2.380982992,242.5167339,16.87177173,57.37081833,29.88418702,9.545774888,4.926809286,5.532397771,11.19246545,2.637414025,3.372402026,4.047610047
V119,1.335510785,6.027720639,16.66861894,15.67147896,12.80001444,11.68788625,2.384444061,5.802947149,8.911860971,13.78132677,10.98082823,6.50620573
V120,1.573465767,1.563314072,25.45147145,3.55073852,13.65146366,13.16220931,4.047047756,1.216693459,9.358492379,5.011574784,16.90623142,6.157098169
V121,3.002118744,13.35445874,35.93659292,7.537934339,47.28867638,37.095159,6.659601686,55.33053595,24.38391951,14.63906058,9.699693424,4.190210237
V122,37.96488155,1.211773902,18.40986011,2.305331922,36.49627418,34.88833782,26.47879759,100.9799616,10.44234055,7.181751944,2.747395391,3.798885987
V123,4.850212769,40.29003505,19.21378028,105.4988431,10.43260519,13.75030909,6.196874709,10.96654383,26.75156809,14.78419486,26.15265046,3.563365127
V124,187.4913331,31.02162499,39.33197168,27.64875583,0.676995759,51.29976148,134.1656208,142.1437941,18.66858953,5.880606726,10.8970103,1959.894151
V125,9.149534196,1.70535053,9.688538456,1.300422124,5.861707686,8.850882403,11.72522359,1.112244304,7.009565318,6.29751784,1.623141859,6.123635448
V126,257.1192785,21.7151573,6.965933523,13.13377443,182.8925648,17.26128443,7.084313971,1.342834016,110.7405385,82.0898252,9.312034665,6.132448674
V127,9.942073432,6.052307956,13.91776205,25.06974785,3.510409069,15.45145442,26.81675646,4.825087607,4.799247675,25.73476295,17.86062866,10.45515406
V128,60.25126483,93.42063626,17.08730399,37.04697434,4.269595825,20.42173907,10.56312634,15.72686342,3.852521032,4.217771081,23.80399262,12.63151716
V129,7.802490597,13.81123298,20.931467,10.64081841,10.83655107,9.74829734,2.38630392,34.63727431,5.041991688,26.31119538,19.62929663,8.371166628
V130,31.89746792,5.117729597,17.33733391,5.622844638,9.745799892,15.74864715,18.72385858,22.9394435,2.543417441,19.41918675,40.05094063,109.4408204
V131,50.00825686,453.5599357,15.56934771,119.3339292,3.649790335,14.61988335,24.42619179,4.522619096,14.20700211,4.542917091,11.91473915,4.664550541
V132,2.818082689,6.481999445,25.73269266,0.648103665,24.80895897,12.9482904,8.186195574,13.50856307,12.20774264,34.71228445,2.063677071,7.663135159
V133,7.501464044,3.306377801,22.79130264,5.520619597,6.170388226,11.47429268,22.93591143,0.921734229,4.9061121,10.65248673,8.854451233,4.202684376
V134,1.865096042,1.439277242,22.00614395,2.322715438,9.458046009,10.90427102,41.50756176,14.06557304,18.47830675,2.954120833,6.952662514,6.834677262
V135,0.994045964,16.62686132,7.17474851,24.21781964,9.854096848,9.599001431,3.375110259,10.68761312,10.86827476,5.759707749,5.214311235,13.53910852
V136,3.903933831,2.854411967,26.76334536,1.636248352,23.20335682,3.966843886,2.380914911,5.414962636,1.726456645,12.67520351,38.41721137,13.65868396
V137,149.5946236,69.77612752,20.9506796,4.413444274,5.730282538,10.9387581,19.44455234,6.142665771,5.737751633,3.286714906,5.51464738,9.784230759
V138,2.84889778,3.456074168,18.23738171,2.559232282,2.813220897,4.85190277,13.4588697,11.21155204,3.966713455,7.05277871,31.20042522,6.41752442
V139,5.894510986,2.670286403,20.04461947,2.758997476,1.798239971,9.514623187,10.99971195,7.433095051,3.992413122,7.557510602,2.459074398,16.81096539
V140,37.64891989,1.377096778,20.82104468,8.892409356,3.871856568,22.59140482,3.481292624,8.899497991,5.77253578,5.940591791,3.012755347,26.7100008
V141,59.64246417,38.50055673,30.68025526,12.03576674,62.53831348,14.44105572,11.08690062,33.33946343,11.24719261,21.37175241,11.42084199,15.65444889
V142,20.68665792,2.963713857,3.381874391,5.163961008,18.68861957,31.84027226,4.549696275,231.0992192,42.43485907,48.68895746,57.91116321,4.249940444
V143,5.125688912,99.13423102,15.21701233,112.6356745,7.137049812,9.841391008,12.39888997,4.32917323,3.566008945,2.15605855,16.47250588,20.27865744
V144,22.88593638,4.775480453,19.56679106,18.59283441,4.588645203,13.6239313,12.21063124,18.85769268,12.10575915,3.843133255,34.27775239,8.942428786
V145,2.18631153,1.484596881,13.19296088,1.665615742,2.43733602,13.37588935,8.394639113,2.965132936,7.049356402,19.24657279,11.03649536,8.490235304
V146,6.800581723,4.092505263,14.25134117,4.809821578,12.6964385,13.83565458,4.961237714,38.15976945,3.534401602,4.786125387,11.32572451,16.28039248
V147,427.2842253,107.8463404,27.82446838,35.17551654,41.54333787,1.768381811,6.160925232,41.41866109,229.2603514,11.39885875,170.173241,57.99314389
V148,3.742571486,1.184271081,19.1838101,3.601153796,8.167809047,7.261961952,27.08201289,7.646251881,14.67258356,6.317192872,24.06264671,25.64962657
V149,13.44901013,38.95456485,22.35152668,91.37935775,6.970366701,19.90087736,17.58581292,2.182261045,3.290128189,6.380180105,6.106326071,2.485025214
V150,23.6458189,27.52914541,32.54239316,14.44373946,15.78578344,27.49890007,10.06809905,16.5127974,9.654146353,9.244707263,8.203831757,5.115750021
V151,34.06241682,27.96490022,22.88327823,6.880523712,53.83334566,24.66430738,65.00914051,52.86464394,15.29604445,8.312348831,4.613136205,24.48188846
V152,2.233753158,0.575614181,9.508502607,3.491600332,8.024386887,10.89841362,4.478331842,16.49523126,1.66127938,8.936338653,15.41214321,4.169261732
V153,155.2428261,9.729523229,17.02640148,8.47813831,3.5596966,10.00789454,2.087652543,24.77285567,31.60973208,46.88415943,38.16678732,31.55217518
V154,13.58957102,2.021640764,20.31960411,2.794275611,3.713553761,8.153964207,3.518522604,5.843055752,3.483733962,2.412807767,8.445389452,5.798431251
V155,1.607222167,2.825372777,14.22764563,2.441388276,3.002573063,6.633134834,5.19748173,6.091435526,9.19197931,13.05681966,13.50852119,3.294035849
V156,72.70688447,282.9302321,25.30457084,134.9953388,116.3232885,25.07003276,9.702726213,43.48116454,3.532767909,61.39588609,10.76579552,77.13437766
V157,38.8402752,11.07874429,17.77262086,8.635818917,5.693385817,13.17881995,7.332120962,13.66721305,29.75302627,3.499732791,3.957435087,7.179697462
V158,10.83965627,1.387409505,11.76114659,0.537132517,14.11202154,22.16270234,4.419987572,23.91501901,6.196121207,15.458638,15.18595283,11.84408107
V159,5.93473091,3.338133438,19.40647503,18.84061946,15.89879183,24.98936368,19.50105252,117.8433629,3.518648561,54.20214522,81.87195707,4.749404338
V160,5.170259966,2.109452908,11.67465395,2.456650954,5.648052135,13.47134912,3.084904365,12.3781618,3.918106748,24.40808363,16.14933036,11.11093309
V161,7.790996212,3.368338415,9.924883168,5.261282915,3.33407112,19.6792694,5.641535038,45.37809168,6.93494738,12.99917412,20.80694766,5.960063578
V162,2.626321153,117.0358835,17.71944553,123.6425756,6.710443402,21.66363444,3.905400589,9.739225473,3.504323507,8.268153888,18.76294827,3.836361553
V163,8.393068946,1.510093819,13.49333917,1.029497262,12.76534425,11.77878762,3.362225727,2.879766579,5.147265486,7.701702148,5.955221465,4.717550627
V164,6.931659651,32.10976847,22.72724912,23.07130557,3.244683539,13.29333205,14.3340864,3.423623542,9.416464449,24.63208913,22.94227643,6.085954664
V165,46.12015438,7.968806021,18.19612384,8.044232208,11.13803054,31.16444081,6.764494588,22.19159877,11.07506509,2.71550302,15.53430358,2.85978328
V166,1.324274073,3.632996446,13.82548453,6.923730849,12.1015155,17.13837706,5.968310048,6.770105735,12.59803427,2.970005448,2.690232271,4.261559771
V167,0.690194292,1.834810558,15.9392959,2.835788799,1.835721478,14.02216706,4.970842266,8.033070327,12.14971906,9.98166157,10.03759848,4.98912273
V168,49.20951843,5.833559325,22.63738931,5.663750623,14.47610397,36.99729203,1.605774643,12.05943354,6.297314294,3.673095382,4.19451346,3.430547233
V169,3.543065346,10.83340495,26.44761691,12.33064545,5.489863955,8.375510735,4.145226905,6.657087393,21.90767297,4.154617679,12.10605543,5.035329846
V170,14.22908722,5.18959924,11.96827089,1.916026875,5.903538343,15.22621624,13.71867755,5.203015918,3.918187123,4.647789622,10.89331122,3.302307856
V171,1.969871226,2.652355455,11.87451229,2.127058532,4.535679324,13.11154097,7.559705032,57.24698665,2.765958473,27.19206922,5.660048329,7.639461089
V172,20.27743102,35.08733277,29.56057871,87.6418247,8.550494991,68.4696303,4.702854037,126.2708714,20.32005764,67.27743859,4.980466006,3.975071346
V173,8.318285347,0.67332534,11.72876462,3.378617599,1.469093087,13.04600312,8.505550495,1.557350423,2.93817564,10.74546716,4.839073643,3.114684268
V174,0.984604413,8.550026812,12.04116674,14.29302699,4.20548261,11.02233185,3.544749599,2.733936322,5.328909658,1.717926698,2.148040622,2.350762345
V175,5.169149077,4.494816909,20.45120505,6.056235477,17.21557489,8.234385524,18.25751118,12.52838004,4.591099761,20.8067371,13.01656082,7.908775298
V176,655.7648635,421.2642041,10.39040766,4.826675881,132.76215,28.81346858,17.01362869,6.217643763,112.8807961,52.81707911,6.828854274,9.634215294
V177,8.893976983,10.68946993,12.65286279,6.735031914,14.76328655,11.59621405,11.71831611,4.603609125,5.320645928,4.139273301,3.393278314,4.296352175
V178,411.9249182,5.510137858,10.76943259,10.25611939,166.2836131,18.00997664,4.093389752,46.7305166,151.0442397,4.917748779,2.780571193,17.07925665
V179,8.469705414,25.51471976,20.09982213,4.458529705,32.64565089,14.19632536,11.8497561,23.14300041,7.048347406,5.071019867,19.13490745,10.77191972
V180,8.137773638,7.274813219,20.42209825,17.48131322,65.9413273,88.74259183,3.174224487,78.6212207,6.754136297,50.09599482,66.42376986,11.72630483
V181,64.36575505,1102.757159,34.4132975,128.502566,75.80179589,77.23587881,4.707123386,54.83035342,183.5860022,60.60567948,8.15743698,26.81056475
V182,22.49967267,8.406034366,26.66199142,6.220608169,12.30131801,23.31865132,5.317873732,13.90281687,14.76658173,5.31857179,5.857557736,6.495067524
V183,4.077615499,3.743053212,17.90791049,5.355263715,11.61515655,24.06132427,9.237141061,20.29210924,24.95012074,3.616300705,15.74981526,4.986907505
V184,40.41896257,17.41803502,37.69991515,6.079066308,59.21710737,26.92733409,8.266298025,12.40667877,19.11692597,39.58164214,21.12979038,12.77262891
V185,11.90969265,25.38730289,32.24729517,29.08632844,17.50633041,17.96860557,7.570932951,1.214047752,14.47409387,14.39033428,4.242575127,40.72429707
V186,32.97934467,31.85714702,18.68926125,23.98638213,16.4363249,44.94401613,2.989991796,16.38536987,11.21049523,4.578308225,2.910107906,10.31494428
V187,4.425470229,1.564860419,11.70925395,7.343317896,7.522739034,9.263825173,5.811444227,21.39956367,10.31263361,7.908280076,6.626457809,7.283532643
V188,8.105030652,1.546740204,8.4884193,1.400981711,1.455362683,6.826914564,6.915407818,2.003496673,6.551043156,2.787784871,0.866626025,2.517472326
V189,10.95092246,6.221053934,14.83679703,5.686233929,11.24613468,10.1168088,3.059087673,1.601744321,2.132148585,6.608238055,6.116145424,5.113995477
V190,11.39475318,4.649767901,26.79776086,3.135364135,25.44563025,8.70951296,17.88424458,6.199597785,14.43553913,9.503608537,18.79730421,5.331170875
V191,17.79252634,1.55158429,19.33373635,6.511998582,0.90337634,14.91846998,18.5955921,4.346877853,25.32248838,29.59796769,18.38712865,13.3836315
V192,29.51579506,34.14961598,16.7039504,28.0310909,29.60519873,17.62149441,24.1251795,70.09360865,6.778350307,35.89419726,42.00679198,10.38398038
V193,4.476473641,626.9447772,6.870383908,154.6078588,10.28717765,16.54985407,8.833506265,9.55729966,30.43682837,5.241244028,4.347088777,9.486183754
V194,30.07185978,5.516434985,24.31285136,11.39049107,62.23525842,9.083173272,11.34803141,15.00166502,12.28249262,34.91643938,10.30764012,10.61731572
V195,16.17284613,47.7091621,15.4605924,15.00729116,8.663881837,13.67722867,34.67245973,43.25984779,14.80113285,6.368447429,13.20507759,4.058738011
V196,11.44941664,0.736673144,7.360693846,1.132883069,7.33404291,11.25077018,7.256141688,7.735474585,1.590955044,2.220457807,10.12462321,8.039238458
V197,290.9117385,39.48871994,11.2854863,31.82523011,2.76922602,30.77669094,6.300638731,3.908228155,2.801703177,6.376510034,19.48359256,5.87323
V198,11.03188818,213.0582063,13.52707145,232.4563973,2.601345141,18.83753608,5.559767143,17.6569099,9.426959634,5.22859853,7.067465885,13.23166371
V199,7.519340097,1.257957835,14.76191374,0.58199558,6.621295336,7.215201955,11.99383047,1.658217181,3.658903975,7.221000163,15.44662199,4.287921229
V200,14.06624996,1.466423604,18.40447589,14.89292759,1.272109135,6.086613853,11.12655059,2.638588813,4.066859489,25.69536767,6.911803274,4.061822341
V201,3.920177684,69.16021552,7.84029883,25.19589611,11.40071168,10.63080104,3.224689585,1.227116668,3.207827036,4.254029542,5.260141006,9.831522023
V202,15.15010954,7.522724057,30.11873986,11.25901373,15.79096159,7.428944011,43.65060609,22.78516789,6.856984431,16.55418728,13.67124014,3.162821186
V203,42.33599109,6.451952185,23.9814789,6.692466691,3.709912415,25.30605988,44.72708481,61.02378201,16.86922567,6.048894011,18.6791095,3.618575701
V204,5.726168184,18.39885551,19.10321419,48.29183786,7.903631489,25.74842441,5.441905873,17.0771566,3.85444964,17.79496183,16.39700305,5.706991879
V205,3.783969073,294.9570603,13.30680665,33.27309065,10.62119687,10.62016525,2.398598621,5.371239816,2.741548202,29.59134398,22.41444784,6.231561217
V206,23.61935695,3.695246673,9.472198988,3.168781491,2.164030071,22.75031487,5.350659557,18.42748009,6.080248749,12.9337653,17.6520048,5.503078545
V207,3.492123882,31.76540889,7.623912632,54.4877782,8.54548622,19.19851736,3.73226189,25.71830733,5.382409498,26.29997494,18.90976501,6.185851043
V208,6.762873814,3.037138393,7.948281144,3.41919613,5.161724944,21.46693361,6.89356243,19.56349245,4.712431331,12.67171492,20.47897467,8.685932397
V209,14.98479876,4.339570782,30.66359247,5.505262944,6.373727989,9.667653587,4.746282097,8.653433149,11.68241488,16.92412571,6.181548546,3.570177443
V210,7.369102452,158.9961796,12.51828005,13.00125366,18.18005414,6.144549456,4.801485751,2.598568084,15.84138915,3.892172574,3.953600092,10.85211289
V211,8.162882143,2.254182694,17.94833211,2.525799878,1.443008356,10.92030783,7.857970108,2.839583836,17.69620158,32.2114867,15.3819574,10.16617909
V212,4.058796571,3.440213932,15.6540301,2.987604651,1.33162731,10.21396068,3.358458227,2.521284561,3.295226903,2.114344281,10.31180166,4.707767696
V213,4.475389123,3.822291272,19.83658304,1.045958953,1.924507236,10.24853705,5.477916687,5.041606404,4.438235129,18.52252369,5.805036755,8.170818555
V214,3.118742944,0.662370792,10.3542236,0.51841424,11.01277199,6.007034046,9.511371845,6.2038643,1.047910272,5.204912771,3.810693344,3.051059598
V215,5.641667937,3.381899053,14.4988969,3.472645489,7.40434938,15.06994946,3.79333975,3.816445171,2.120226522,22.28833032,3.902616873,2.723384643
V216,486.7769967,21.71057565,10.02262482,3.660547543,35.56485888,37.37211832,70.71283162,14.42978336,13.36984698,15.19417536,3.290629683,2.793573141
V217,55.58932172,303.7782225,12.64330958,122.6669541,22.40760078,26.75024005,5.542035842,28.03850069,34.19547157,32.08857643,32.11168558,19.0196793
V218,188.3803285,69.15048459,12.60952973,1.654613208,63.15400166,2.749563817,41.17838149,2.646761905,126.476086,8.456731246,12.498274,8.717612024
V219,2.065026107,4.476710539,15.97772563,14.11792085,13.15635196,8.55634849,21.29201829,8.708930481,3.173563371,4.727079813,23.51749399,2.222066109
V220,350.7509975,64.37338098,9.439070367,9.661781955,121.1579771,9.127254615,3.980352122,4.020767933,24.71430289,2.854463155,3.045288318,11.66160856
V221,20.20855656,266.4481705,14.29149691,70.68673949,21.6453212,24.27561899,17.43768364,26.05673144,10.17971839,24.33615357,18.83607717,10.11230398
V222,3.104888845,4.261212025,13.83269292,25.06589475,9.264106384,3.460562186,5.804695082,23.45592679,21.60628041,1.899504179,19.8406972,13.50046489
V223,437.8543602,16.47036275,13.21449571,9.534090266,45.9314976,14.66531076,9.752377718,14.47834566,5.57979488,8.246913997,24.28702086,21.22026615
V224,3.386201491,35.45931359,14.15449716,34.46801106,11.55640038,25.39358548,8.389637571,6.18905342,7.542333088,6.465886982,1.493146248,3.715095412
V225,35.96827679,1.967119842,13.90539249,2.082568453,12.86538552,3.653696884,3.246887794,14.03373995,8.319962974,3.197232795,8.878465185,7.322560825
V226,236.5925771,78.7907462,24.74231397,33.43074922,111.7293788,4.956971822,10.44969264,33.68345583,277.9917847,10.20049728,7.294154832,13.85226428
V227,3.239641025,8.714760646,24.73524935,35.21985443,4.369222445,10.98647932,4.421284993,14.28195778,26.20131533,21.45741402,34.46061482,3.334762117
V228,338.2905563,36.63871023,3.82367142,2.40348873,69.13975585,9.257823299,2.17735164,5.698923734,3.234212142,11.71625579,2.692191403,14.46231316
V229,358.0494316,50.19866973,37.5829863,17.98993153,55.44319692,7.887183778,21.351203,19.11633326,81.3835549,3.574850086,57.29869829,52.41147185
V230,97.43284347,44.88874248,27.48576061,7.225066435,87.51967721,8.510807435,11.95825619,26.6805414,3.046910001,31.1276854,3.661591439,56.4368389
V231,49.66625685,34.44803579,14.96712532,14.5770279,13.31483292,11.53425989,6.812966141,7.753377157,25.22345943,40.08121464,11.99956864,38.69957323
V232,57.39310262,3870.702269,51.13838342,682.0800102,1.463310313,58.57634411,2072.510484,76.17015323,8.595391284,415.590091,3.15134093,8.589134309
V233,220.5097547,40.8158385,6.537068318,3.844217774,108.1897795,21.12658968,80.51799727,4.735592522,122.9480144,42.98528161,28.59956868,14.89241
V234,454.225567,15.61632997,11.36562985,4.10015371,12.94632212,9.962002231,6.339037202,10.9017003,2.643155815,7.616777002,2.535697908,21.40014705
V235,1.691769412,4.148671076,1.060070885,14.46646651,2.345723433,1688.631232,14318.0105,1.021310568,6.604778839,2658.636678,8.056930206,21.39950609
V236,27.94280679,313.1589046,25.61463971,152.0203332,66.73370268,43.45964139,4.769432343,29.32633068,3.004260737,4.119317618,2.264217145,18.50027062
V237,300.7883105,2.559071778,15.60286627,2.716610296,57.30108862,14.91625215,10.80717996,9.192109722,2.168055343,2.507522461,9.825443242,6.941384673
V238,359.730633,1.40827876,18.14301061,5.1978907,3.463832631,20.98378444,23.96005578,4.906948182,8.064129486,43.79133455,1.909548395,10.45237515
V239,6.503096614,4.155007299,7.248472152,1.646644851,22.45805596,0.871630232,3.494067236,6.831680945,3.733007466,5.11458922,3.441445606,3.268929854
V240,2.365495675,36.16959844,12.68710607,45.06887879,2.372434612,10.73603607,6.443564806,1.518187965,7.282652725,18.74754773,26.72500472,5.941525906
V241,445.9122794,154.2568012,4.100347327,25.83826827,120.8557109,19.43649959,8.468500569,13.66743705,318.6759947,19.96695607,39.8550625,2.671032231
V242,131.1548676,5.158790262,15.00131291,4.870297756,41.88858287,7.684918836,11.10428096,1.87842659,22.18354535,10.92229731,11.02773398,57.36073285
V243,345.2316796,18.59986836,13.13204819,4.281849999,15.49967871,7.020358924,8.681863316,9.561383806,6.563758972,23.73078663,12.24398228,15.0196003
V244,9.603707243,20.76097196,290.3307799,63.96064462,14.87946107,8.09506007,24611.437,10.03653627,5.311137363,786.8937285,5.774635432,9.296248036
V245,220.533138,148.1241853,10.89721782,18.89872816,90.72218897,14.26239865,8.288457083,11.44214698,306.7156881,103.2435263,6.02992266,11.78165936
V246,280.8597256,17.56392196,16.6893794,3.426416458,117.9872081,5.246489571,3.175269888,2.298418208,5.766958579,73.77279837,5.776805658,139.3155777
V247,2.703661522,1.158505126,3.847087543,9.118949817,21.57645325,284.9362,5714.902936,42.18077219,8.762270961,1622.348408,87.33942312,184.745583
V248,236.025292,52.9915821,35.4926144,3.756620851,35.02889142,1.5521604,6.776895831,65.01086843,21.87819347,152.7660132,10.01335058,1495.262061
V249,179.9399725,2.876003628,21.0751124,6.583713699,102.6297893,3.420446014,76.42140416,4.485733486,42.28225799,19.64551417,8.563498975,43.28419459
V250,536.5177272,97.75796848,39.29458783,36.70306325,221.2658198,2.347929986,180.0905952,0.76438482,421.3307602,66.76989465,8.116583047,12.65687502
V251,1.576489365,57.76037354,19.59743051,25.84006654,1.371643843,85.12121005,1978.338559,0.754412507,2.231108482,505.8958379,29.62004306,3.570384179
V252,40.89801631,698.9368833,27.36360393,298.0860702,50.49265166,7.743036661,5.559701984,6.6087057,20.97786655,22.7741423,3.826369714,103.7551008
V253,3.538368612,7.420982788,26.15940169,3.293214247,12.53801398,2.915930885,64.71643889,8.927294419,2.03243907,5.67257699,17.6605328,4.68513839
V254,43.02623198,19.06848198,12.0646096,8.143921176,27.41508621,5.94357667,8.878343214,28.73648859,12.22676094,7.113307137,5.121174244,5.268017511
V255,1143.119103,4.157978453,27.54953177,29.65428518,61.78781513,5.163570793,2.377091611,14.37128508,1.747689179,3.447471476,0.956964175,127.2226817
V256,4.425558952,13.29868454,23.32379985,11.0647357,45.78346082,8.278195952,23.25633206,12.57313077,35.71916937,4.745508711,5.500888939,6.240302104
V257,36.77639567,0.933282836,2.933100476,0.627854743,12.82101515,0.454176834,1.432164613,1.547642637,2.6380513,1.40162115,1.58920845,3.265231833
V258,781.0584273,86.82620941,86.64880839,36.92456449,106.0521853,15.3407982,70.76889366,65.7990004,3.963486458,9.124188391,4.253400929,62.51747315
V259,280.9315165,98.76785595,13.81502149,2.875901745,82.78370366,17.97813457,10.89260678,14.57493208,11.97421847,5.945145576,21.19798309,5.701320204
V260,4.589087206,1.185329368,10.69074394,1.021213268,27.3702204,43.98326219,5.294053354,44.7720906,7.091900112,38.51842179,5.610462556,2.857935898
V261,338.0146482,10.66439914,39.5770237,14.07864263,14.33429003,7.097132683,32.67857761,21.50256146,87.17621789,3.347988029,29.30493633,21.61189071
V262,33.25843077,19.24291838,32.29669162,19.43621123,18.67096126,0.87851972,5.426762912,30.38391195,13.67004506,30.12666359,3.713637247,35.24325589
V263,3.268934447,131.8452482,24.26684435,76.04019156,26.42750004,26.61320146,11.10146341,10.94909427,13.63941852,5.224654904,10.516957,10.16911563
V264,5.477373143,1248.696312,1.964610227,986.5773168,32.14885503,23.48415708,6.66481264,1.494532548,1.413009193,25.55742808,16.10192417,8.493012065
V265,158.840305,604.4906109,7.57014929,60.20051121,7.704361197,7.116704702,48.73038085,7.893544077,62.16150153,2.09038305,9.170392067,32.03817593
V266,379.8716124,48.2733362,39.2821735,22.36950388,5.83229263,4.27659091,5.843354355,54.04887817,13.32132602,2.585628623,81.39299586,5.409179556
V267,9.664202131,1.593293848,12.74889961,0.770511133,17.81827792,39.13644739,63.41498581,65.52275737,4.481997176,23.9449375,2.692684558,8.983115099
V268,79.39394158,40.2347245,24.16054783,8.962494703,135.4188119,0.500150673,7.338734661,83.3197448,2.12262322,62.95907751,2.337786134,7.528810474
V269,64.89836744,314.7001173,54.09360666,165.9854445,7.605851504,0.406162331,2.233319731,1.727038268,4.622612695,73.25616468,0.730874161,14.23961772
V270,28.83870888,1344.482213,1.40386525,122.1790273,20.04225121,3.999811925,5.741790688,11.49367503,15.13096151,15.80094555,2.199966904,16.422554
V271,6.98049564,11.99737133,34.59061146,6.294476338,24.70602521,5.102647749,22.00582916,5.254685014,5.955217306,57.41228255,38.86051111,89.27089057
V272,6.629853139,5.315287727,25.41920373,1.573904123,36.36333044,47.35701369,5.908304782,18.97519005,4.384390213,12.18957179,2.560503835,10.37743998
V273,12.63702085,86.20528433,10.30594187,4.443125153,32.36422281,36.9722456,40.43719662,35.66306392,12.28598731,14.59003364,9.543955448,11.86908637
V274,22.23878774,2.547645255,15.12651427,1.783922137,39.87798951,0.817449734,2.900336397,27.27221194,14.65284841,17.14641279,3.334871366,5.445608777
V275,3.136500704,7.932724277,21.3979507,64.26753288,27.12556519,22.01080037,40.82215866,15.44372761,6.590852225,40.5339066,4.04115287,7.834392028
V276,22.50102036,13.44030361,14.62479591,5.697285663,16.40011452,12.37240474,4.048474027,19.3029411,3.043152423,12.20696383,10.84237432,3.784117017
V277,6.174434887,25.86588324,10.02251745,22.78350044,8.284687762,5.502887898,6.769088634,15.88401427,4.836496152,16.55724136,9.28103763,14.2835793
V278,1.526019974,1.236159343,12.45195603,6.558281324,8.669913193,8.900182385,4.249823429,0.9797848,11.50537,20.72920616,2.948175244,7.904692152
V279,141.2356156,42.62203598,10.49961007,2.523565909,59.99934357,2.295574139,3.754762598,1.582951043,80.71774076,3.844061274,1.970766889,18.67977585
V280,363.1731185,3.792007005,7.037292712,6.340457173,21.93191664,3.379575852,4.925011746,35.02840869,1.944068674,3.194068725,2.236594039,6.260364022
V281,132.6015645,11.50929579,10.1299553,0.778168315,32.35560086,1.008387779,33.49336209,4.629886587,9.465576623,2.962469923,1.434673828,6.311875003
V282,4.480567569,3.817975578,18.24186896,3.514208987,5.639671903,2.403848155,33.53806451,7.318888648,5.203775904,7.099906361,13.16498315,7.054418637
V283,17.14066128,6.747225939,37.7648527,7.089556274,83.15716209,7.195879601,56.23388319,16.42216486,78.27339751,24.1944132,6.165528073,35.85992438
V284,20.60358228,5.982411848,26.72780231,5.554987247,51.50316185,16.26473041,24.68758733,44.46430102,33.34515446,10.1712364,5.109567834,45.90280436
V285,2.538385507,7.168058019,22.93002047,3.043460309,35.89907217,14.44186681,49.13275307,8.745640297,6.031398467,15.53964932,12.88652721,9.673937213
V286,2.802437143,2.246422803,51.31506088,1.531304347,1.514085341,72.96684613,6.21629396,1.894896987,19.14300077,2902.797993,47.37727853,2.699308657
V287,21.95111426,85.58199931,30.53266047,36.63070838,53.00948987,18.58246087,13.17062132,7.653932809,53.98723443,5.806673151,9.165285843,36.13416486
V288,76.41330632,90.1349396,54.85521638,5.996144005,232.4788186,15.14850073,25.48452213,61.12076232,163.3933402,12.25247332,1.987627714,12.55425319
V289,6.064351837,1301.880996,1.198810393,699.6466952,1.413479787,13.52821861,2.182979167,83.00075625,119.1311625,38.86163578,1.421690526,21.93759164
V290,9.16639091,875.6088568,16.68337134,359.267341,72.46027612,19.35857269,8.555513407,35.86581661,14.17631174,27.72535109,13.59713656,142.7986449
V291,10.12714338,5.092650706,12.11722603,9.281662718,10.90177574,26.71153157,9.431691675,21.35097107,12.43918603,8.922728011,5.885576589,5.948181627
V292,1.078226449,3.400346822,14.76928699,9.738932788,17.63036529,18.78444818,6.586935834,19.93393781,9.440689429,1.691751928,1.271628973,3.75252019
V293,38.00402625,150.245965,30.49683838,18.95102066,16.22852588,20.84277586,8.213402413,2.431793949,99.19791362,26.85085975,4.017984414,15894.60571
V294,13.82932168,31.71921043,22.04555234,10.12609341,30.89327965,42.28696038,20.08454278,28.93203514,17.69420439,3.530727358,31.04814627,4.554400439
V295,28.64146,12.1965599,36.43118355,26.66702122,5.834033702,0.676731377,6.414137969,8.041454101,27.8783863,27.44213295,3.1520046,29.94963051
V296,188.8746345,5.153772982,11.97265642,10.08349615,68.31539516,10.04600138,60.59636654,17.02022846,75.35471703,10.17337489,6.738865853,2.774839872
V297,30.09798674,1.112083499,11.27280452,7.469461692,12.15823646,8.548734646,4.139097479,18.22952165,1.488896581,2.379112288,10.21078267,2.94709598
V298,137.6647454,43.36851726,15.69382252,13.24456458,46.01582771,2.926401643,11.27133545,6.853805286,165.7582733,11.73525651,16.93012222,127.465351
V299,177.5837721,31.14136628,16.00144842,26.02853931,17.79867159,1.708180428,3.800453177,22.63319288,57.23395647,8.45669568,81.72220743,4.700069764
V300,179.9859948,47.50697796,2.422344312,11.88445363,46.8606012,11.66631307,5.866202407,3.155511456,5.925439482,27.04613778,16.01466126,5.570290373
V301,413.117341,13.14836944,36.2620524,27.71822063,1.502152703,0.630442084,42.75297437,31.48680494,163.2064826,48.81860526,7.53882554,84.78033596
V302,5.719558182,2.018134971,15.2997515,22.71623178,14.2073952,20.24741512,3.209629045,16.96166106,5.673500955,4.574339977,18.62730675,23.22869108
V303,140.7638531,156.5924145,3.808512394,41.02354821,23.50538832,12.71260919,2.606891501,10.36934584,133.7586615,35.31753085,8.879746562,5.582587866
V304,415.3500289,2.779810411,1.457582928,11.34236427,145.900834,22.4188391,15.06088324,21.38440014,30.31712043,13.37243375,27.73183181,5.239608667
V305,3.62187549,1.215879137,9.257804789,4.499568625,6.448459509,25.87205025,13.97970419,41.07104927,6.873232888,23.33206407,21.22360096,5.433160835
V306,25.07187053,1860.958546,1.859308319,767.2982189,4.967635272,0.868053573,7.694826142,2.688158937,8.135954153,1.645362313,3.219304981,3.774437587
V307,5.701579029,2.50585289,18.81847584,18.0956249,5.42556671,18.05117313,3.427398561,6.555758142,4.927274067,11.84393239,17.24115641,4.802345274
V308,26.84983232,1.422272219,25.32293357,8.53713131,4.173285917,11.66077562,8.925861385,22.27605106,22.60213902,4.001313646,5.195182651,26.8293614
V309,22.39147245,47.61042594,11.30615977,9.423744489,8.070483712,4.886967634,7.120945062,1.148934048,22.45741861,2.40561913,2.491801086,16.99007027
V310,8.983502914,5.602006417,4.81979311,7.706382282,5.274789586,14.95089507,28.76119672,32.6881036,30.81773543,4.879323655,6.390205488,5.806948792
V311,11.97513532,40.36886539,24.02937537,51.80538718,29.12023663,30.87866367,44.39283504,61.71003903,69.13033877,3.385983451,24.97155678,93.63165968
V312,389.6835058,1.289705267,16.99951816,63.71673719,100.3326771,8.963015181,21.75082744,41.81252137,5.443069846,6.934642917,24.5547599,5.615420388
V313,60.53739474,107.7351677,51.73999641,42.8700328,77.34925212,35.75572479,61.08523678,73.25456699,298.2175359,53.77338804,5.043681927,32.55872102
V314,387.6717066,4.318725956,24.90536294,16.20437891,24.60775795,10.00091684,7.766190313,33.29784965,111.2129277,71.97216081,17.21908644,262.0619979
V315,341.1391244,71.86865379,20.21183724,14.30977733,30.59503781,1.128252244,15.47389794,4.391351535,63.35003622,12.03812989,15.0865391,10.28160593
V316,14.9618936,49.02369024,15.97764799,10.56528192,141.5386267,10.52459998,3.179718499,23.43601685,7.462454338,3.141222896,18.84382354,6.883234086
V317,13.16958701,25.29552517,8.570092721,3.045435646,3.394162922,11.35019508,1.884377286,8.157411941,1.972658024,1.80728287,11.94038285,4.658146314
V318,20.29464082,29.7726698,39.61453206,39.32459031,39.12107243,17.20010433,10.93037182,21.09768784,7.580676662,11.36869674,2.618703985,12.40582307
V319,33.26590319,323.2794946,10.32355474,158.4178072,1.949703047,18.99443419,14.53192492,17.63778173,10.61237751,6.316797227,12.50586195,4.426099583
V320,4.914752305,2.714798176,14.77398154,6.367673688,2.640252618,29.79760942,5.964822308,11.25396358,10.04601077,9.3239172,13.58566423,2.178005599
V321,1.658695668,15.04027994,20.6646183,6.006429956,23.8570455,2.262714742,33.2577167,13.81947404,2.400009102,9.503528838,19.88988239,10.6866481
V322,2.252099337,10.42573737,15.64239719,1.630167967,62.56446552,28.2016489,58.02706301,65.62880787,8.860701109,9.716692748,27.01463012,17.54207114
V323,6.299003622,16.08155365,21.08244048,1.109971001,70.72167957,11.4619623,120.8952175,108.9607904,6.438697634,21.89980396,2.219557605,16.30378197
V324,7.071001019,2.602729006,22.34975132,1.908766652,3.9815794,7.824452548,4.743548757,1.477032544,16.57833873,13.30299341,8.267163966,2.682637514
V325,10.88852255,4.548706979,12.62262851,17.63954009,3.682137385,31.27089659,19.52350174,8.525191505,1.948905925,11.02692673,13.96994774,7.168793225
V326,15.81129057,45.00815895,8.2736098,58.82969578,8.397123801,10.17861242,12.67510386,0.834855023,3.679624042,13.53716503,11.73362292,5.033357471
V327,4.332344391,55.61196439,15.10470476,2.332366221,3.764068204,19.07874504,9.902460715,5.755333986,13.13718699,6.019300668,5.803636697,7.965037132
V328,31.28773008,43.2071809,12.32333265,33.28889848,5.868939584,17.44925617,9.195362384,34.62885071,42.51607107,25.40598107,16.66014656,11.78376063
V329,366.5049158,26.97425486,22.45825368,18.80909032,56.84138656,12.10202246,4.711342197,6.383849104,67.0928567,47.87579085,66.72755478,17.64374012
V330,4.124242312,3.461510316,22.56185287,6.446393567,4.909472838,26.50178433,5.284242516,5.157930458,61.21264276,27.08475146,13.36573876,7.922433064
V331,7.21415742,1.14184708,10.81729815,1.094762006,1.95381537,9.666210193,4.260339046,0.861273417,6.488460216,13.11144388,11.5713701,3.95786865
V332,4.326015443,1276.950561,4.400889395,1024.567023,4.051212495,8.983178429,11.78827629,5.995183138,28.41532669,12.73265001,3.893974274,6.700044261
V333,6.660996936,63.65343462,7.579192334,37.35548392,3.892022095,9.825339179,14.95398959,6.801297017,1.119893765,9.558089482,25.3844001,2.39019215
V334,7.684861588,64.45523549,25.24825838,30.51701858,28.65375978,12.70991279,32.15380085,29.60447029,5.754615384,34.2593106,3.263249944,35.2993756
V335,207.5174861,16.12068071,5.656706638,11.94681782,88.1644105,9.2594446,44.24439731,15.86206913,116.7295767,2.402006778,40.40480001,8.474370146
V336,63.88561071,22.35369753,22.31111304,6.028164803,55.26994802,16.74850621,8.875023011,18.15173327,40.05409887,5.023251698,37.57991273,4.539919122
V337,238.0286228,19.48280923,27.88939771,12.60852183,74.83975518,17.51318046,9.093589541,5.188952835,7.794138533,31.49398382,4.435292887,25.13147721
V338,384.6758323,34.83486026,19.86575637,30.54312471,176.1766099,14.85432727,57.1263976,20.60750455,243.9916887,99.16799895,63.16110584,8.170653775
V339,132.1900231,1.244920479,27.23751087,0.972942674,71.98733261,9.117922268,7.672587291,29.45536749,4.094580536,38.135353,1.596614523,507.2278607
V340,45.04678666,4.705847255,66.84124636,17.05498005,165.5476525,2.850239798,401.2842454,173.8045734,13.43422678,50.97684792,10.00331205,383.1092013
V341,171.5043285,79.32527696,14.67150931,25.78601544,2.491258878,5.383341164,8.812062636,3.468941677,9.680392678,9.873192697,12.00932218,4.993803562
V342,298.7184796,271.4385347,18.08292967,23.24403939,46.7536976,6.242785194,16.64389951,26.56264134,6.227873395,2.962680143,18.6823824,165.8880865
V343,213.1083683,31.17962145,29.26346419,5.563976137,46.03879975,15.32440339,8.143855416,29.7524067,6.669917014,26.05376484,19.72304056,56.77367459
V344,140.4567674,2.942700147,12.07482554,21.99632293,40.02734896,2.313337546,3.297748793,9.40452158,145.5049108,30.82399549,14.37980239,15.05859321
V345,85.61740694,10.82707247,11.15687644,6.190534854,3.446342295,6.215919967,23.72976178,1.255819985,49.15307141,11.40777413,9.093458348,6.719186091
V346,392.4000128,67.12212745,37.34395343,40.12707269,58.25697906,21.83614502,147.837988,33.65198507,90.01740427,6.912936571,71.23001393,11.67571383
V347,207.9207007,5.259307729,23.43021853,16.14491382,36.63781005,2.056262497,10.23699219,36.04388027,126.3837008,32.81139089,51.24216905,33.31781937
V348,171.6437329,23.618211,22.81370152,14.73548455,32.51404834,6.747513954,32.02274823,1.326806557,115.4088624,10.55337076,20.57116601,11.14903292
V349,201.3792598,12.92156432,15.51831101,18.05897406,11.2046502,4.769895033,87.10769837,37.12194584,82.13855437,30.20165021,35.7163692,17.80327784
V350,267.7820856,16.28785828,29.02632596,23.43581507,156.172992,7.195867195,12.86958943,8.604664716,471.9994517,15.61376177,38.40798692,10.79902097
V351,108.3924863,22.98276509,11.81429005,14.0173003,14.35962368,7.29409493,7.812290101,3.550083977,13.42196232,8.748821774,8.326658978,13.74512544
V352,360.1879966,74.8024974,25.40516791,33.56403104,2.544926411,2.841153256,17.59906651,28.8305817,21.19958951,96.72642177,59.26629475,19.82522815
V353,192.4027299,4.545077742,12.10732324,7.880737594,6.834526483,14.29801956,38.35145795,5.561446137,15.02863014,37.62421316,22.5702879,7.714680513
V354,89.50825731,330.7147576,16.13852145,50.23223584,5.431075491,4.67849097,1.942859456,44.61502364,4.300034735,8.990569003,5.949427924,11.91513477
V355,22.87695277,3.320595236,25.6925779,6.260412161,8.648814224,19.71229756,4.777852111,13.48593776,12.51690906,2.44437212,9.069276153,6.218264287
V356,11.89316588,102.2046977,13.46082372,26.80468284,16.82809407,13.63717891,4.060198431,10.86432511,24.83528496,9.753196635,18.90789642,4.899655381
V357,5.133280607,8.996411474,48.22335069,79.83686192,3.347682274,23.30715324,28.63861318,13.99134045,16.06873767,4.892744058,9.93740425,7.072028464
V358,8.418938745,1.818659317,11.06434197,1.945330037,4.116775707,4.388257669,3.908219998,5.167191084,1.542074992,2.499982202,3.142044951,3.674786647
V359,16.97745768,7.869202994,21.60536605,6.198610114,9.193772516,17.51212651,4.891152059,3.969221301,12.13343639,22.48254436,21.99966222,5.695347053
V360,63.09353905,10.96150567,13.55755339,6.613839752,3.027383643,30.74838717,3.770771066,11.02364409,4.724263869,5.665596937,3.517169802,5.516838585
V361,6.812468599,2.361515207,10.11800489,1.209392306,1.492171752,9.200367839,10.78607234,7.035004917,4.831840304,9.719694177,5.176610813,14.97263983
V362,252.7140329,9.995006488,27.35224229,10.5976965,95.83238135,11.41918652,17.08768193,2.126737906,61.98397489,5.257735971,13.10282835,5.440864526
V363,8.841307467,14.18022987,32.10767884,12.8838049,46.25969425,53.35254384,69.19955078,84.15223808,121.4514412,71.96265967,5.736070003,4.090899793
V364,12.19466597,2173.209681,2.689754095,1440.473368,33.89101253,37.922378,14.88995667,88.49869885,74.77574439,18.71500563,17.91909629,32.39386924
V365,2.973958461,57.35100852,30.01819372,41.15189125,17.93672333,9.393381911,2.557731737,15.22708427,49.0529083,5.097652666,4.387557168,27.58890919
V366,47.82911361,11.34174052,13.12392984,1.114479904,31.56835039,17.35181859,15.01166346,87.97524901,11.33347405,40.76894906,9.349205124,5.277540857
V367,11.69143188,1.301947212,13.2754542,2.082669918,1.758859258,15.88232864,13.6342018,16.34669884,2.098873637,1.609599152,17.16398634,5.574842523
V368,6.469069771,0.77757397,12.82792228,2.225551286,1.420324713,15.57228734,12.50606991,10.98133223,5.188900224,12.12288052,9.432658228,4.921379981
V369,1.887301802,1.88038331,21.25511697,3.458932544,13.72882163,6.306208525,17.72966295,0.654572466,8.032396805,8.771372017,10.33572356,6.137088862
V370,11.2915968,3.471556549,20.44756667,4.320652303,10.61629587,11.17869818,32.34002617,4.325669824,10.1294567,5.370736732,10.12579943,9.034142334
V371,19.7694045,2.334136308,19.02333407,1.661535918,18.58369649,6.232760414,30.4548577,2.248651809,3.279560799,6.014721854,8.803197096,28.86726709
V372,271.5998742,108.156706,23.50296916,9.886234501,71.68894602,1.037189821,9.942165638,2.366091902,113.6600101,76.61760315,33.56338154,15.92384947
V373,325.6072367,13.89041215,13.49978036,16.9548402,23.814036,17.31819432,11.03822667,17.09291396,6.51585215,4.925583871,24.62749114,29.95034766
V374,100.8956143,25.44494188,13.27278645,5.076561104,38.81181503,6.774912444,10.17898655,7.115840891,98.1925494,1.682558076,1.631632286,16.37464002
V375,242.7124281,97.41546752,23.78603544,19.40549425,83.3351589,4.737707318,14.56511085,0.599320239,390.1588253,58.57235177,12.61511896,6.204452244
V376,546.9454341,15.84220251,0.792182752,9.608740991,140.9309307,26.53513172,10.45142627,29.29551693,4.317938631,5.429883499,25.00993388,8.473631394
V377,186.727084,77.415089,16.45369178,9.310287641,195.0345103,21.20870398,11.94533961,24.69710327,226.5644256,55.2305209,8.433676442,18.68876738
V378,8.036183023,5.447905566,34.85773447,14.30223526,4.87095152,12.61080638,12.24728891,5.5402281,9.963031912,6.853948964,7.394056778,15.43374304
V379,6.346051852,2373.426861,0.541913551,1718.473782,1.598512554,221.7692419,9072.201756,49.65685711,21.79386563,5.34942704,216.960175,122.6054085
V380,34.27406657,9.196699708,34.64263741,15.05378819,73.89424913,27.30304513,55.63009505,43.12622223,126.765442,12.68643106,47.72860336,4.856957519
V381,10.65543306,5.161170402,24.24014529,6.056618643,19.14630065,17.51878488,27.99014004,14.45651095,6.882754709,5.649091368,6.478360918,29.44962358
V382,393.9573905,16.57444651,15.0302002,13.3606637,74.29164221,9.25002022,14.2252403,5.426066129,73.17577535,14.73040492,1.30429292,6.934151855
V383,13.34953913,9.142564485,24.88546103,10.16417477,21.01594187,37.39727785,17.66485172,48.12683537,45.5542121,8.41630011,15.04546019,3.906948065
V384,4.069173195,16.42430156,10.62610929,13.55644508,4.997431798,13.83672705,2.922087406,15.66359868,23.67201222,2.723390519,12.48095323,7.900193267
V385,452.5006339,18.26786961,9.202876787,5.198007681,392.4580086,27.81176577,11.03656685,17.32823799,34.46919796,355.2104328,24.60974836,10.3103623
V386,1.961556077,1.764927714,12.08276496,0.884023483,18.79905956,27.35342685,12.86509011,36.58183308,3.309734516,28.35178522,1.916691766,8.37686466
V387,3.7419764,2.806180864,27.90301445,13.4689948,5.538911468,39.97053499,4.889596712,16.7779856,47.76965981,4.410007353,3.444828941,13.36672194
V388,18.57688385,1.24802094,19.35333236,1.979555673,11.8977844,18.62222766,17.88127848,5.485973455,3.707152498,17.76718469,6.602779864,7.816244598
V389,79.51290009,4.085518055,18.5379117,7.42425532,0.68570643,15.72181287,13.4422658,82.94681162,2.505452107,6.390602468,32.68142347,4.539744514
V390,4.504582481,6.176093921,26.57038609,19.94760315,10.88766004,12.09336838,2.402182911,0.658299413,14.87559225,12.95124608,25.10356733,7.540495337
V391,127.1436833,11.40435394,23.92079632,8.092674358,1.999391228,9.423969618,12.06151903,1.490006423,22.26368445,9.580386511,31.33857584,6.043474325
V392,2.453247012,3.420317777,10.46473553,18.96044211,11.84378916,22.28027573,3.336583587,31.72900934,9.056724089,16.1485586,39.44538711,4.182885521
V393,15.86028817,4.967125131,9.403738369,3.567705469,15.23972366,7.801965668,1.403870552,19.9326954,4.558857694,2.864363045,6.987732977,6.33520522
V394,2.856153145,23.56445211,11.84258914,28.74186063,7.607306508,12.22143061,9.990821086,6.63816906,10.97000539,13.29341071,7.328428722,3.68385986
V395,1.440694965,1.269094193,20.04690818,3.268201037,3.625748297,10.02696882,33.34841522,9.84895977,12.27326203,9.312545499,4.600184013,11.10431929
V396,201.0741724,126.510793,29.55019104,23.00467446,16.80412215,1.652327521,24.42011838,19.5320741,56.80206069,29.72796535,11.44195792,19.90787027
V397,484.8212113,978.5822537,1.55855796,343.8459496,4.8593304,0.947901836,7.255102156,90.7421819,10.12458296,3.751503453,43.39318878,162.1961132
V398,5.312544995,14.41350113,30.81392508,2.65068077,6.334907324,11.5457983,12.84679011,1.63370081,15.21503386,31.61132094,12.19178755,10.5594104
V399,8.849728971,24.14135068,15.59754686,38.58145231,3.910591946,6.84504374,23.27079248,15.22826458,3.249034699,24.77432501,6.163276458,3.986295203
V400,31.18651321,5.929309635,13.624899,7.077310289,2.019074374,23.67253153,8.881963719,45.38309633,18.9262472,36.65113032,30.43510612,6.344553441
V401,38.32761035,18.50722194,31.15427313,20.07121727,142.6390513,53.49699226,171.7309516,135.8751733,49.27812719,94.54343319,134.7066884,6.466808001
V402,42.48111713,9.386473155,8.898121664,10.20447374,5.856268734,31.04002011,3.339187732,45.46165876,38.47451821,10.57509201,26.5613382,6.334892956
V403,151.5727358,49.29746243,24.609972,19.05074744,88.16830077,17.23860182,28.19063581,1.13613403,40.26837568,3.468589301,21.97793956,218.9948466
V404,3.520875198,3275.656275,15.55355935,6.442980481,190.2692315,39.22771114,9.044051294,1.167549446,12.3605335,43.888774,29.77120764,3.712238947
V405,128.1599575,10.94157939,8.139710562,3.630795601,116.5411645,6.044706501,3.341141877,26.16999154,64.52629656,7.805965853,3.566165228,5.493242051
V406,337.9714469,100.8371811,0.635579746,0.790831555,137.2101116,10.14241329,3.631499787,52.80102894,9.720841594,2.892299042,3.76020729,5.883738135
V407,246.0685341,49.86742211,11.27949381,1.577159218,80.50170219,12.25838846,13.36346417,0.909163108,153.4878533,59.64405025,8.416837257,3.870341273
V408,239.098112,17.15961592,6.045117438,12.60976518,84.72039968,10.84982929,3.662791613,1.359058058,155.0760147,7.312521301,18.35647138,5.09309453
V409,354.9082094,39.62724775,1.745228934,6.707924476,104.3354617,194.5322501,2286.677653,43.85227667,1.934532302,1730.839535,8.322271993,590.3077185
V410,165.4630973,62.59206868,6.314420162,15.21519223,15.16167549,8.687632634,23.07559021,12.80489236,49.89212389,6.673721969,5.27444712,6.195802427
V411,3.061149193,2.737434888,15.08278606,9.82385096,16.26632347,7.403164626,2.097817544,8.844144264,9.205421811,20.58625261,14.67421372,44.56332778
V412,253.7386016,179.0333263,27.58706406,24.34257018,138.8608315,10.75634599,2.022835724,2.457777715,8.391275444,17.31376372,16.16459894,5.906530004
V413,127.1895671,46.45314249,9.053740183,4.012074448,6.958977183,1.235553729,3.339661717,3.56820433,8.447632433,4.642788839,0.951564773,179.3227188
V414,7.649624875,6.213342207,11.97938755,2.50198943,12.44449859,21.54327779,3.044886452,1.606835603,5.059527082,3.554468864,2.54711559,9.084748151
V415,10.46235155,1.550412956,19.34156983,4.12500175,4.925826366,14.48065132,7.25046855,7.122281237,3.549396062,21.40456384,26.17226072,16.73772325
V416,11.30769629,2.63463006,41.42703384,28.63087345,15.6206288,7.515361856,111.7118104,67.02134265,79.46750097,7.202847092,49.11840866,10.48567304
V417,2.130573664,1.252197829,14.57663852,11.27203938,5.897601733,11.97011475,48.06699563,9.179601018,4.138789145,53.76481152,6.331459293,2.466876636
V418,251.1586678,172.4531049,14.12908043,10.01763628,215.7515593,14.40891796,9.950353423,19.89690793,495.9619666,114.7742623,60.35334597,110.0078209
V419,11.08164572,3.026296902,15.12029326,8.427851989,8.657449385,16.86724572,6.778807814,0.468871568,7.764561836,8.200225285,35.22245585,5.854754051
V420,185.9310693,2.614892891,18.83022024,5.436834613,11.56137364,17.11841315,22.95006335,5.300401047,57.08339742,14.61314093,9.787823393,2.281597795
V421,2.966724761,9.292972631,20.17131527,5.840087115,16.24712636,14.27297431,6.2140535,3.529140269,6.273610386,9.143974033,13.12325963,5.292093676
V422,7.833752807,2.280476357,19.88210407,12.56523094,6.399858093,20.11523514,17.07893528,10.04401216,23.14894349,4.840291832,6.170651346,2.940665054
V423,94.15331781,578.5312479,11.02758743,80.50490229,11.0240209,1.111697787,7.51034634,27.03674805,158.8755764,3.16863194,12.70451564,2.665394328
V424,13.09364402,37.18989784,30.5881876,33.93743856,87.07375261,44.76462281,2.771970456,23.21868857,252.3570248,8.037974116,19.02882867,3.373795961
V425,53.84690652,14.58587,10.18326003,3.554408108,20.86131329,11.20793215,8.554558141,23.32415279,15.38504153,3.058371238,7.993704524,10.44851543
V426,89.75874593,8.544030902,23.82583993,4.351712692,76.0919451,28.09259509,29.33978972,10.24278357,25.6517617,6.970860803,19.29672329,4.147411006
V427,375.0009915,26.00074236,6.381757937,4.649294641,173.8089428,19.62382142,4.288180378,46.41302044,15.7077313,18.90624789,49.96169486,6.022073283
V428,231.8779585,361.7991356,3.493404221,32.00326835,4.566362746,19.64839272,8.611343114,4.495080161,9.694063674,81.63436769,25.35463523,6.051605792
V429,26.37394817,31.29667645,19.78422699,7.430583547,27.65343819,10.03564315,3.959890013,4.690452239,54.8000475,15.13771074,5.091127243,4.219159648
V430,21.25613565,60.36402226,18.11850915,30.00962889,61.17106643,32.85367378,5.185831264,38.36794856,38.22146282,53.77097103,5.607693062,7.245817742
V431,78.5235402,10.42891471,12.3023707,4.923682334,41.01638476,17.53560592,7.861074641,10.85420199,81.13890661,4.116400306,4.369455824,7.116494824
V432,74.48521091,41.44571065,42.66760204,4.100963296,123.3790711,12.91369183,1.500747486,2.909019123,2.698215729,10.37523414,2.07552074,102.5626759
V433,14.68907864,166.1329011,24.2741526,60.27572563,21.96060421,19.61762449,5.577758193,15.52345398,32.93024995,4.059436392,20.27924954,24.27626388
V434,3.947864704,1.839511153,10.4830992,2.054750988,2.036078782,11.71904539,7.390861719,6.282051829,7.16758524,2.557850962,3.795547058,4.525669301
V435,3.359428856,1.688184561,14.35475082,6.61146162,5.746339482,14.29030677,3.297098218,8.262545903,3.401939106,3.265744077,23.87145657,2.01756719
V436,25.155374,26.48926138,1.721043483,23.77538018,35.80573935,56.83006165,2.995404472,125.6237934,17.4431377,61.26533069,55.60813897,11.63352889
V437,0.795757362,34.19131405,5.347451257,11.25302352,12.8341659,5.421500458,3.018379286,23.93002207,8.556420282,18.80929459,4.922138045,23.51617499
V438,8.641367052,0.970631681,20.99555784,14.06862101,7.659456666,18.01547021,6.980099952,8.945183438,4.511811766,3.896010653,12.70684085,5.976712857
V439,81.89644277,267.724425,45.15322947,37.78261201,53.44308788,15.96067462,16.06662721,3.857173864,2.171571807,35.86733419,1.379152616,52.80501181
V440,70.41855209,6.020082206,36.78160811,6.606458324,10.4493361,14.35659148,29.38381482,30.01537849,48.44419545,51.7436719,23.17044,8.898390266
V441,10.85804279,1.231733285,19.69973816,27.06829344,3.562977061,30.30306766,10.95330674,2.203391975,4.798469419,3.798355775,75.96802984,19.53163514
V442,4.12294169,2.886483236,11.42200966,5.356247838,2.382877467,18.12227351,5.275300011,20.67821547,5.858470598,5.051856883,17.9283482,17.94580373
V443,6.256185861,0.738826834,10.4885717,1.362817603,1.88787533,14.8378425,26.16626328,10.94215088,3.160392392,9.577763628,7.285049888,4.395673906
V444,324.0205425,24.57948926,12.16525381,7.956065421,68.1389942,19.69743,13.66382166,27.36804244,61.73384543,12.35622333,48.50965544,15.8591269
V445,6.138005848,1.677473734,14.40215883,6.584781982,2.200876872,7.190148954,7.707115923,3.323939325,4.676503846,20.24558201,26.16114821,9.14918149
V446,173.4335953,141.4984323,17.56106872,51.54869394,5.086220507,10.50847423,74.63670586,3.72024263,3.217252688,5.66435594,39.55373119,5.024409964
V447,228.6825547,139.5617055,34.48690765,29.75164085,125.5104123,8.604703248,20.67722154,3.423672612,9.17093098,9.73480157,13.03538816,108.2595319
V448,3.726273334,1.639377963,9.677564605,2.567439951,2.000802904,16.32790508,24.41657002,24.00993311,3.581834247,7.678191193,4.624693805,10.67873774
V449,8.395579011,805.2165161,13.62603623,195.6292064,13.81560244,8.658953378,3.925970867,10.53047219,10.32488184,8.574399265,16.58466672,5.997178209
V450,2.977078957,25.19399908,17.64660165,28.86167721,10.18464305,24.09977424,13.32347607,8.835172965,11.38839769,6.202699965,35.72441336,13.94411265
V451,12.49760375,24.95839858,11.95283463,24.07531294,1.975887091,21.82858242,2.057972208,3.086734043,1.228991595,5.540962256,17.95069509,4.06152774
V452,2.900900895,5.182498418,18.62093165,24.80748598,3.349756718,18.85526374,6.369716557,5.247601464,2.342200718,14.51747808,33.93080115,3.916808061
V453,11.92547295,14.68959605,33.06351952,7.916168365,105.5816583,32.81646011,46.02084127,22.9438694,45.53826351,37.07075953,16.0045991,10.87628468
V454,83.40840624,32.14429987,34.14099542,33.05695284,20.42013613,21.089698,54.32240104,112.0864005,25.73145485,27.31899674,46.42688624,61.02927964
V455,406.1562544,92.32155295,14.57574894,12.22559368,165.1924617,21.16544731,12.10289611,22.65959589,256.9263296,128.4453009,25.88173071,23.36767997
V456,36.76739555,108.8239512,16.68224561,49.59749007,37.61675362,15.4157213,55.44445663,33.74150388,2.3100321,6.427702436,5.023870401,9.211869696
V457,221.2316606,2.382791103,9.754093783,9.506071742,165.536963,15.79729063,86.49703756,8.039300012,129.4864411,26.3747146,28.7198246,17.43818915
V458,2.642073175,6.604150634,16.91940781,10.99951367,20.81678481,8.377598385,10.77378442,15.05426704,12.12895735,4.121292055,6.382356268,20.54763859
V459,11.84291417,17.51416323,11.18124124,27.48114389,6.508707409,46.23854784,4.457773074,95.5923425,122.3918471,57.25705782,19.02064412,7.219687394
V460,8.936930045,58.35785368,40.40818246,46.17443462,56.73768329,36.23429387,4.445485044,83.77944162,26.4164821,8.25159297,60.62667768,201.963436
V461,81.03348797,459.4611977,12.3653134,107.6658269,19.96792615,9.399604796,24.02081578,13.3718354,7.88007332,2.779788779,17.16574399,7.2003224
V462,221.419202,20.03855856,1.892730036,5.247336047,81.44043564,16.36687281,4.38852275,9.496833222,48.88960309,3.524605533,19.61789172,4.159642497
V463,176.6144409,81.03436197,4.329679861,3.886320517,53.24003,19.23268925,12.30502249,8.897041957,128.8166689,26.06089432,31.91846359,21.99471434
V464,2.710254742,1.931290439,12.7660622,1.517107732,12.20630218,17.82362667,15.94438961,44.70343381,4.455321623,3.372873314,1.855115759,19.97464548
V465,4.701420274,52.07973927,11.61652805,9.583811132,51.31707208,18.75561322,4.62530579,36.93277974,12.22081702,6.472312755,12.38298795,14.37770535
V466,3.723754096,2.574475895,4.287675215,0.677965363,8.41279373,4.711039817,2.665323753,7.970485991,6.600769108,6.296354299,2.688430641,4.76710495
V467,383.5289328,374.295567,5.818958369,4.123571244,135.4696021,8.33328481,1.955981502,23.2215628,954.7225044,180.8753073,1.655800661,2.95489912
V468,622.3314667,120.5284014,1.673064094,8.702327515,313.6851262,26.28475338,44.95514807,28.540951,3.722746999,1.987532406,22.53312686,3.280813175
V469,20.73888211,128.8188859,16.93142963,143.3279377,6.276128357,20.65263867,11.06638762,1.594615162,12.34380254,13.22522206,13.71837483,15.84201043
V470,180.9978478,47.12867301,16.87785007,9.937205422,9.5393855,3.641220035,10.61642868,10.75473918,55.85203974,15.68349749,20.6014199,29.18095871
V471,130.6459534,59.58430266,15.89497113,4.742921991,134.8950712,6.600464049,7.131758323,1.242307938,158.1481549,68.38018308,29.34781246,7.476093471
V472,31.72534122,3.620910539,5.316986585,15.29253655,3.330077179,25.73459666,2.931759812,13.27764071,10.5607515,24.57263793,4.712757926,4.031805511
V473,9.105302954,0.484395537,10.9033267,5.218193398,8.037319727,8.156503499,6.05856558,10.22787884,5.514950803,19.51387257,17.17972799,4.426705467
V474,22.78100178,172.3191329,10.67574929,15.83935008,52.5813076,17.11545022,7.997043012,12.48411818,15.12497997,11.77647197,20.95409343,9.072185537
V475,11.2260615,2.897525247,20.83824673,2.573678068,6.436747147,9.088324628,2.905556135,1.879122673,2.103825672,26.73670944,16.61256837,6.963447341
V476,5.624457405,3.135967551,14.96934211,3.415305839,1.178376922,11.25954139,4.188518233,5.587010772,11.30931346,23.07332828,10.049326,3.441280654
V477,15.48518712,15.55278464,15.9586159,7.816709445,60.8224412,21.24557416,8.275377292,33.58179712,38.85330664,13.38308481,18.52290738,13.96092513
V478,2.621870254,110.5548145,8.121637849,36.42442247,6.251402637,10.29398976,3.119147711,9.927345283,17.16541292,12.71341523,12.66215528,12.64876199
V479,236.9832043,28.81631368,6.41399238,5.914458358,152.3987131,20.26892932,20.33201405,17.65980818,89.96752584,49.1823559,57.18637923,4.756240219
V480,7.393083946,4.656944148,17.35734712,4.021846604,14.99962887,6.251993917,20.5608804,5.958208742,11.1384505,5.963258434,17.42661035,4.452564223
V481,10.81012601,1.519397821,20.1451409,17.23826188,10.5995827,5.968979085,8.107861019,5.390944396,14.16535996,6.418924829,8.628479896,16.15716704
V482,504.1295533,69.31742969,7.632015709,36.01603999,227.9123782,40.61381471,6.254379368,35.19516699,328.5251389,115.8182652,17.41188504,16.18274379
V483,152.9333416,257.9173999,83.7148038,142.5920582,733.1037397,38.51833371,25.12851134,81.23454985,160.6067166,6.214856622,269.7405421,702.7729113
V484,0.874001219,38.98984962,15.19809765,21.52277584,8.221865311,13.28899773,6.24987142,2.21108303,19.38264525,3.555356196,5.496704326,3.994988438
V485,226.8146009,4.7347561,19.89271452,6.749833917,139.2080423,43.57182916,22.05994898,43.64104323,20.25061645,4.622838745,22.88343134,4.781695876
V486,1129.545361,20.78289457,10.00946226,34.86418684,371.3202917,36.09787072,89.32397564,53.02779505,170.6975152,0.901883297,102.8075091,130.4118245
V487,425.3031255,14.10774633,3.351798123,26.63712576,81.92281018,26.55047136,1.362533818,32.90468411,217.6217352,136.1827089,21.74135381,62.19949756
V488,55.65533239,41.18001294,27.13615182,28.51566513,28.30467331,5.470453886,28.98382748,28.8138807,28.20770955,57.14579428,7.121015536,10.61856908
V489,130.1994488,30.54414494,27.75372959,34.93462776,6.84803365,5.759647013,23.80103231,27.93866477,271.0087284,56.81523791,14.87300261,9.207811479
V490,22.41058146,294.163339,19.7632844,78.53015408,3.241824283,24.04637522,4.126508473,2.252649493,5.294834435,35.4649909,6.291313926,11.45243746
V491,2.213848706,5.521091748,27.33961457,9.423989876,33.79931562,60.37024817,25.55730388,27.92400135,17.09985654,32.53867155,5.867587903,7.793870093
V492,113.7326984,6.062100447,28.56030761,16.0594955,122.2403182,22.68798783,5.922635569,5.106303386,143.9940961,9.305729962,11.0996503,46.26217852
V493,8.499587089,16.28415381,28.0558961,16.46659336,58.37833466,18.63030322,22.09725961,19.73225341,6.691198787,3.975529892,59.84346057,86.34965789
V494,615.9185354,130.2556617,36.5341548,35.3364096,11.86464091,12.9841261,12.67520275,57.96053289,84.58461094,4.476886902,120.0803963,83.29936201
V495,5.083048667,5.06398135,12.934041,9.37498963,5.914598213,12.05733979,12.88089498,14.13981914,23.47437482,4.767689256,11.84233583,15.06480219
V496,241.7162565,356.0679191,43.65095145,76.29100051,167.8485423,3.112000778,70.46924416,96.50605672,1185.561292,4.982167493,8.840774529,19.71077282
V497,242.0642415,17.95808869,5.572102206,28.06678876,106.7515856,23.82872655,106.5964539,9.628011404,372.6844652,4.179648625,18.34540371,22.89700613
V498,1.57384147,204.5513664,13.32426878,140.1126669,66.19675725,68.31885872,6.058821217,53.91825799,7.158320321,16.33059799,3.473204113,22.21053168
V499,35.67995786,4.057126216,12.96028097,9.252552729,14.40886607,37.88330582,28.18776998,35.62107494,16.54600083,44.69785979,10.5516261,4.137567389
V500,4.445015477,9.62243319,22.22364867,8.21483139,17.00543099,21.98765518,3.238354248,20.50746499,57.84070383,4.772729273,7.440314293,4.690039842
V501,55.39432824,226.3322281,10.56651477,37.41806566,24.79375474,0.753937914,7.169540805,11.01096121,17.01664921,6.507457856,20.06567357,11.54563689
V502,5.07896115,1.428263326,12.33492083,3.188109021,1.525360558,10.40357506,7.36126075,8.069977514,5.147356387,18.76556009,11.71521523,11.48351924
V503,316.0318737,17.02048673,30.55671146,39.42314476,33.02338486,1.231941861,4.300799796,38.77626636,220.5918715,30.3647171,9.010481709,9.514514088
V504,7.733026319,3.684788245,32.97481845,3.516319375,8.894882049,12.36182966,7.025678544,5.230529167,10.42141897,29.25191696,23.20404559,4.083837538
V505,113.3072968,21.17353759,39.97628879,19.02933648,87.66243498,3.276956796,158.9973215,105.1095855,7.873052918,146.3774092,37.97541389,267.000941
V506,312.7817936,93.02087154,16.02704384,16.30938477,114.495224,7.484030344,5.195075208,12.4195686,181.9937204,55.54353034,124.6669878,27.74149802
V507,121.917205,1014.160415,24.47793833,64.25682283,64.63290246,26.52344436,20.47110062,2.49855655,7.325828147,3.422892484,1.338043084,239.7080711
V508,1.274036537,2560.012824,0.327698594,1946.126706,3.339642322,27.0749109,6.707903748,14.15713025,23.31259361,6.379149904,21.08110918,4.753241557
V509,572.9292004,46.01186456,17.08228316,25.63514876,34.77929911,25.8267386,102.6987068,3.750095339,101.3857083,59.25373505,6.317662948,7.49064806
V510,6.587916513,0.9659398,8.567643802,20.01912952,4.549579718,14.53769648,5.976486336,61.65425054,4.980427577,18.78443477,7.392788786,5.081909868
V511,3.431954152,10.54809757,11.27217471,11.97444848,9.775359882,11.44218445,9.744580856,8.694886581,5.997980522,6.360941575,7.760067757,4.788029823
V512,14.65865036,4.545722268,7.201143862,3.037590874,6.42407351,11.13439743,5.868811982,25.61821945,44.71903741,3.618846732,6.35911634,2.555380723
V513,73.90266596,32.84011748,29.82167324,28.0024408,9.88110396,11.09944983,18.65117708,52.88835432,39.79063126,6.032680837,60.68885169,16.42854669
V514,4.15226724,3.648165855,22.46491402,11.54979387,1.761953398,27.55657464,4.195819687,17.04407755,19.3761894,2.799272348,12.16094327,4.296148851
V515,33.12015491,13.66391867,19.58776485,5.100583257,2.674592288,64.59890807,6.997426376,23.99880875,25.0026258,6.548283192,2.828568262,6.722614791
V516,24.04452706,3.98129296,17.60034041,20.24383449,6.774661343,39.15609603,3.645786117,10.00103964,8.208545886,3.525411336,3.711722999,5.676786383
V517,2.277085537,3.735261822,14.43326466,4.630636836,6.659434368,10.53313322,6.167198515,7.723837742,1.850579403,1.664738686,5.275133552,7.26992843
V518,41.1235233,26.80860272,24.30965321,12.87262231,14.60127135,22.83762477,11.8039429,24.92791857,7.506096006,7.271498424,4.706941362,19.26014476
V519,958.8049264,229.678728,90.60292541,85.99544583,215.8389008,12.07867216,6.150233426,13.75033064,736.6377914,3.594477568,18.86208624,216.5174861
V520,11.03835381,6.199839571,23.17411315,1.649851785,5.398802959,13.85606378,23.73535258,2.531943607,19.09543613,8.478236417,6.015055497,16.51965115
V521,5.733956207,3.652891108,9.788475284,19.52327819,1.793095465,12.50266781,6.082169265,8.181317501,4.074536851,4.170533355,9.970586225,2.172579736
V522,3.774713449,2.620026647,34.34556102,8.237327079,128.1238182,8.602214499,3.809357025,17.24261799,54.17733037,3.555372799,28.9830692,34.10888916
V523,30.3303038,122.1017461,30.20221804,2.458761886,2.681660466,11.1305141,11.6245876,6.092297651,40.13524567,43.74139273,5.307905862,4.924754383
V524,17.02486852,1.350407439,11.65129035,2.14757672,1.48247642,22.93429218,7.041597516,2.309185613,8.003464413,10.7805961,5.156304189,3.157246097
V525,16.76782978,1.068596939,14.17692129,2.849882745,5.480413453,17.95000915,2.266466411,5.437688733,1.735788027,2.511895378,3.879538022,6.263301208
V526,9.935217101,55.50390987,56.84069789,6.913375424,141.156575,0.490094629,67.82736282,12.62007409,28.70524382,32.33579864,7.028299904,172.6516909
V527,834.3538555,46.34102517,11.30265339,9.827694443,158.5483633,37.21453371,8.689459978,5.176374581,16.75753608,192.5013205,65.15795753,4.491784712
V528,20.74104397,2.285265345,14.15879816,2.389320787,1.95275212,9.642704499,6.383521667,4.985958479,2.866595409,18.08196742,18.37309094,4.064544751
V529,2.850682489,1.469507571,10.50809648,1.386600831,7.682821637,6.36243384,22.38975607,6.137472511,2.027679604,5.57961042,5.785118711,6.266449551
V530,11.59876123,8.449091878,16.8221862,2.976187692,6.392217166,7.583450187,13.52260608,4.842958228,5.419660716,8.877071082,4.076274153,5.879156975
V531,3.283485641,1.278165007,21.66868631,2.569908256,1.247574905,7.569655827,3.802645252,2.508077957,14.63145633,7.723434333,2.632127122,9.733227234
V532,51.09479633,9.914701898,3.389953727,9.515192012,8.739518563,33.42456754,2.943193023,27.01801666,41.80704351,2.562586814,16.56176911,14.92868109
V533,19.50390508,6.821019003,23.95808984,5.926829163,15.49815858,17.84537505,5.962423098,11.51289083,5.055450639,24.80650296,25.04188906,8.153148238
V534,422.4417187,95.60866922,19.28689821,5.932408628,2.549626184,21.15453294,10.95258869,18.04941894,129.8536501,58.24081278,34.13491442,6.578786767
V535,8.181645871,2.785275806,12.96314941,9.704111112,4.859218429,9.526680567,4.40910473,6.446201948,4.84583358,5.247053249,3.246764787,8.611588805
V536,11.5985528,1.24559153,12.86876077,4.109381709,1.7780654,9.902973958,2.88722322,1.596859267,4.236304663,5.048406142,10.5728436,6.750418068
V537,343.0374188,18.3437325,2.414882743,8.344201414,114.8237262,22.59211452,14.38206507,4.991606118,115.8753482,5.965867953,23.02075367,3.250928415
V538,6.697637718,2.380176702,12.21539548,1.882652516,1.51364101,10.83417173,3.171553921,14.05927642,9.819192186,37.38504115,24.70907833,2.404967681
V539,347.0292928,16.22789359,8.420316967,8.363157745,151.7719833,31.97599839,39.91884361,42.80116411,3.573696346,4.933972783,53.63228294,63.74976928
V540,4.534957429,99.34810662,6.13099108,83.912143,3.846978224,13.02538128,2.193187368,3.268915068,7.30115239,2.94123016,13.54068362,10.7410358
V541,2.846279805,35.25288811,20.88087268,9.239870534,16.60343864,32.68388081,5.584511641,22.8450049,10.54819002,50.88797393,33.8735107,29.7185179
V542,19.32692049,3.61634265,21.68021855,1.151083976,11.8675023,14.27994582,6.866020702,3.844545222,5.904374458,1.96261663,4.413771236,6.280513249
V543,22.99560834,19.65770985,15.63199088,10.35859542,20.16197904,71.08243057,293.2896035,1.072421269,46.83881853,1644.587011,14.510805,44.88638805
V544,26.59692477,4.505767286,22.8236425,8.223960988,13.84300294,21.34827595,14.19719785,45.5032625,13.60751891,19.34089264,17.89281954,7.34564094
V545,4.566917103,0.944426949,9.375308214,1.333714425,6.141370583,13.05145345,17.76326025,7.468963085,3.614392497,10.21643179,11.0257105,5.451648636
V546,13.6901319,2.665384467,9.003133641,1.225353065,5.575304963,25.98468661,13.0786272,17.9391893,10.3625108,2.229474925,5.434770922,5.734714394
V547,213.9499264,62.31716009,9.579291469,0.94840731,57.776703,9.286188101,6.511395912,13.43242451,53.04875287,9.044544586,4.311597309,2.537622091
V548,188.5425082,68.80101963,5.373793402,0.977910653,136.334284,13.00758189,3.468396235,25.91924392,196.6474583,29.84790612,41.96955022,10.14461571
V549,30.9442669,29.17194458,19.66741837,18.41403061,2.072815761,35.23814827,13.57342368,22.14491224,37.40379957,6.593610904,17.06750488,4.375811529
V550,10.18819391,2.611800909,18.26900673,3.0313477,4.675324514,17.64764431,2.676688716,11.89276876,8.234415747,8.673149753,4.142396648,23.53164408
V551,15.35458767,2.439699903,12.56760336,5.848685626,2.207367838,15.1034311,19.63351902,2.438320882,4.712734755,8.865713487,37.70892244,3.402606599
V552,7.791847686,127.3110585,17.99330895,87.38302413,8.169690291,13.29618143,7.469267024,12.34347796,27.53540504,18.39378262,2.079478976,8.036978301
V553,7.973510652,2.677733791,20.68094179,8.443999974,7.180144241,16.00596611,6.011595598,7.713630464,6.304521939,7.630990589,32.52580621,8.394955384
V554,68.0408102,71.3255541,20.09810908,36.28148172,36.39829922,33.80998414,6.07929687,23.58721434,10.28677157,14.93378699,29.1522307,7.174990056
V555,4.802791868,1.75194938,18.27973825,6.909888756,0.691792389,20.04343946,1.315760544,20.36151768,10.16547697,5.187297487,28.46685332,3.858124285
V556,8.168891385,10.47277206,32.64003555,2.902188291,11.82788695,12.02322093,40.44560136,5.717675776,27.51611193,25.46446346,45.76540185,43.21008353
V557,21.93315555,0.843679428,17.15322964,0.90608699,3.984075738,9.885417964,6.297618874,12.37200235,3.977244774,24.27550439,28.83964661,3.995743659
V558,2.059852382,0.682643093,4.11068672,0.402720554,1.16343025,1.684791396,13.44962353,5.964915007,1.683918348,1.746771836,8.036823603,2.584050667
V559,14.65575587,16.57639547,29.98042513,18.11271203,13.96786503,5.729756217,23.7443358,0.798464921,14.03889636,37.97059306,47.3932011,6.920099366
V560,15.59628658,1.748325475,27.92884928,1.10228927,4.6149735,4.744585984,14.69472072,3.29453706,9.893962212,22.04016948,8.329493273,13.84661961